29,26,22,18,24,23,16,11,9,10,15,14,6,17,21,5,4,27,28,20,19,7,12,3,2,1,13,25,8,0
0.623921302176942,0,2,0.4382252838283353,0.5437357813602851,0.44275090415393115,0.25693685480002443,0.34114500000423714,0,0.16458206074786516,1,0.600406889618393,0.6944096538160512,0.5882094144583832,0.2131942175876489,1,0.7052701611642809,0.5213233365362233,0,0.6238102380217732,0.3494571793601035,2,0.47281999080902554,1,0.37323404852288045,0.7677452221042056,0.4099922830307276,0.3061864676593866,0.8496870791778934,0.2923678351348907
0.6652976261723356,0,3,0.6090122406340919,0.37991170043779027,0.38884826683862034,0.3522923208582409,0.4429614884424068,0,0.352113734315452,1,0.4662658792309088,0.4981960872043004,0.8119164617759591,0.47796294202138073,1,0.34892975973746454,0.38392215507245125,0,0.4016283820038613,0.7671865077946334,3,0.46696940752491145,2,0.9863221954017054,0.5389013577772344,0.22500147232524673,0.7176477145301868,0.4919558253296264,0.4743527075348133
0.4381227241112968,0,1,0.6550285404334367,0.4440311895500204,0.19899166919277794,0.495748884567342,0.5700905487401784,1,0.372603331779551,3,0.4455792619752865,0.7728871323168941,0.4296511058336571,0.25046792750374836,1,0.2810828277034821,0.3055156695783099,1,0.735062899591924,0.6372884901880262,0,0.4489972752941205,0,0.6511252138258469,0.5228595453945443,0.31367613577154146,0.38027808714409184,0.4122556664848661,0.2998380697797264
0.34127024357011226,0,1,0.49424317780485316,0.3624494226367061,0.4449906445695117,0.8667007726408366,0.18284864591916244,1,0.4224445930858514,1,0.5516785792761555,0.971359118454926,0.08553969447899665,0.6915050341761751,0,0.49967010859060607,0.42707784417749795,0,0.4158236383054708,0.6339077665383004,2,0.5527430537873161,1,0.8223459616303209,0.39031799118793875,0.23353282771812486,0.7852313172129068,0.41975298863233956,0.5400703988855318
0.31742588569018076,1,0,0.6597430691017568,0.5393348251247442,0.4845422015990274,0.3252409527334201,0.32436828477164475,1,0.5196261756721865,2,0.22832405296410696,0.3678340352216065,0.9030018769287917,0.37778204025538487,1,0.2184076012088619,0.24468374890849595,2,0.20940026313218307,0.8681069829549942,2,0.6062977780986878,0,0.6138421297670783,0.49726016074007384,0.3605875508388688,0.6959827107265523,0.4742631686523322,0.464699272911608
0.6880750656327428,0,2,0.08983690550591324,0.22833222968031328,0.7849719005169746,0.5856918409968909,0.7296090378017054,0,0.52893522675399,0,0.0698682946590679,0.43801648109333274,1.0,0.3966366447611646,0,0.6741490256150079,0.4169905025281227,1,0.2746117948463221,0.5782276743964468,0,0.5174453763048291,0,0.3010333568958065,0.48658321233834406,0.270033966861334,0.306938233677406,0.6686565971692519,0.6792847403143206
0.640118939430905,1,3,0.19759364504786617,0.7580963882695951,0.5424580882531062,0.23581869847663062,0.6000415172302196,1,0.6190158849852585,3,0.3606181374621235,0.020838742952815383,0.13949308890206827,0.8379129576815483,0,0.585665640675833,0.3629729878857447,0,0.560830645079759,0.9289657114615724,0,0.413179057388431,2,0.517236875258579,0.7899114391413931,0.32346039983292013,0.42663414130559896,0.5740037704982774,0.25419298015562175
0.3205145193078213,1,0,0.29107347307513076,0.7383948534135092,0.3386116851545105,0.39659697110539455,0.28112086589907415,0,0.09000682867119207,2,0.6629006764941652,0.7284609556878787,0.4525698632523262,0.23898495566125125,0,0.3785972302680966,0.8397677225087262,1,0.6284736671991414,0.6043100606694267,0,0.21694048048495254,3,0.6473764852727817,0.3594510064777395,0.24610923193434384,0.12166557491927166,0.21874450633410192,0.3761139765755706
0.9070542504657656,0,3,0.6440799826856638,0.7262719444303718,0.45063007527067667,0.4185785244849022,0.20640884678896695,0,0.36750151776049805,1,0.37699784772628936,0.287799109499194,0.7195964828271383,0.21835755509483404,0,0.36577840440243387,0.2290121965650172,1,0.8013553982878596,0.8133250714230509,3,0.5646283144089511,0,0.6410650181466925,0.5581882971814963,0.5027461280690516,0.6766630403518217,0.3487402700189843,0.6769749410722113
0.7629179031120569,0,0,0.6669072436152153,0.6039743378002614,0.4882213606401536,0.34781103918865636,0.5354531510900167,0,0.25567184527979187,1,0.4788925512440635,0.4556619765332639,0.6118522443722861,0.13504206032065402,0,0.3415053296254467,0.152287925671203,1,0.42624541389115217,0.7415524182350834,1,0.5505015536015786,2,0.8288017638132166,0.661119768319833,0.30198500369323233,0.3558064820261122,0.44470305611397004,0.348946557001308
0.3966761035849925,1,0,0.44637420655456134,0.5836679537842416,0.4085283303367533,0.5638104892631876,0.315854005088039,0,0.3583257147565634,3,0.14261867760829489,0.4944715490543687,0.6437793017115112,0.2567826899056994,0,0.3359379017432414,0.8178589102210131,1,0.7504764915424152,0.8516088173779638,3,0.8232617577054552,0,0.5909210854401394,0.7877913495632028,0.7094423487499679,0.8543408923513275,0.6065451467425373,0.19873379267329896
0.5286220508122623,0,0,0.39480971227404255,0.6339335996475273,0.28643915724685587,0.36518951027917845,0.4852645895289083,0,0.49307725461794927,1,0.1983315118478438,0.860183828343001,0.3815340967491899,0.17440005678660658,1,0.21171682679547096,0.3574516751437729,2,0.529024394788194,0.8605262319303267,1,0.588233695991521,1,0.5838816806710185,0.21977739090131493,0.5035894395293641,0.5146084357799958,0.24078059827691964,0.42487322856492854
0.6208942599779566,0,1,0.5517344427866966,0.5134548041981426,0.2532254648192724,0.512892487836479,0.5624780623723806,0,0.5789089168272773,0,0.0750977854808939,0.3497525616520494,0.6106095997783415,0.11328440602317967,1,0.8232910535687598,0.8401277998416761,1,0.1201436221452978,0.29495780792662946,2,0.8169157778169304,0,0.9514622533498207,0.5986670289369787,0.8883129811382772,0.8367354698558715,0.5906911497979489,0.6981846645507972
0.6680967638115384,0,0,0.3334065746851673,0.4414086580717976,0.52443319771697,0.6676717974704717,0.6250187849300811,0,0.16422540303514918,0,0.3099948231476936,0.7416470650118208,0.5174895046328984,0.2909131368362508,0,0.5228505310690945,0.2539911986355242,0,0.6714838925216705,0.41261439575294057,0,0.5288885079623268,2,0.6367270888787007,0.6481966074635958,0.09834784230643578,0.2941835196056612,0.6632625408908419,0.4378445084008631
0.41846591062241983,0,0,0.056228285349082724,0.27124719338661873,0.6037590805433982,0.48774743332770837,0.7365201557909222,0,0.1107327985160026,1,0.3961595312727562,0.45209090731991725,0.5880627378783098,0.2998813340729719,1,0.4144553842484285,0.14815255778083108,2,0.3894658981128187,0.31064417976133274,0,0.329801694794599,0,0.5990455073377348,0.5651789470057962,0.24106166028996617,0.4332820542746901,0.48877174762410375,0.0
0.442713017612098,0,2,0.22366626661635453,0.39454449307715145,0.5889982964456973,0.32443312692548687,0.6379923645487405,0,0.47207847036756206,3,0.2759498989270875,0.9029138107368927,0.4503381504632614,0.3579184159085812,1,0.7187779849670312,0.27129562215102676,2,0.6185926976724117,0.4940045574172846,2,0.7914197374725231,2,0.32280309349372527,0.6930560277493591,0.5627665463587004,0.4504698286721771,0.43603453444796114,0.24392633640547987
1.0,1,2,0.7726962303127397,0.32196337878376147,0.4375693944013268,0.35095468213827274,0.6090597702718091,0,0.31332168016081496,1,0.37921100436143196,0.8041715625613479,0.5506509379217746,0.16458508520999127,1,0.7341406414616224,0.46747190845982206,1,0.9225563301861154,0.4184069483820185,3,0.5481285102205193,0,0.43146199843585603,0.3813113950079177,0.5514262828875014,0.6855884508794329,0.5574216084457266,0.28922691614505774
0.0,0,2,0.4038126175842763,0.6121114084766723,0.36742871291205237,0.2694844160264523,0.3585823714421146,0,0.4095286900886263,0,0.3038267187571145,0.6215044768871795,0.682372407578927,0.15480744026856472,0,0.6814922354878281,0.9777891297893914,0,0.9195346687352668,0.3112804354762366,2,0.43716218835708476,1,0.6009843891291006,0.5592406472416898,0.03965896287568532,0.35570429891096383,0.35207707106366737,0.3591161802278437
0.6306501449268767,1,1,0.3136752591321117,0.6226479351853766,0.3870801454936719,0.039587300366661936,0.6063391787422503,0,0.0,0,0.47347096826063606,0.4311750050719961,0.6325253283813267,0.37395352390345926,1,0.7180893334435442,0.4508902901073176,0,0.8556021461685663,0.6786583636357654,1,0.4416317982882521,2,0.5563118750233339,0.584732005546458,0.3427651443986601,0.3606702064163931,0.646327522979704,0.32877487941727157
0.9085495702384742,0,3,0.3280855811858701,0.5183767688261401,0.47696077604992565,0.03055367098158468,0.3186124271743949,0,0.3785028171722808,0,0.570196199394283,0.6032235704827673,0.3174582030749937,0.5459797096961772,1,0.5303225021114132,0.4161510216549331,2,0.5696834833490046,0.7312626089615691,3,1.0,2,0.4633200641477123,0.6314815869136775,1.0,0.794235357662031,0.749534758324363,0.6235352458402261
0.7745587873544243,1,0,0.44844414677281796,0.7976222703020538,0.4015005191858213,0.46319537585780207,0.756920725301946,0,0.1722549212213806,1,0.40204701400188003,0.33289970955685383,0.5748231284160656,0.35018446813736226,0,1.0,0.31964777487575863,2,0.6946653035192363,0.3883813364930628,1,0.4699916624857291,0,1.0,0.5139633979103599,0.3933652745117486,0.42145491839999455,0.43304630028773233,0.40856733782623833
0.3090948493584681,0,0,0.7686547165627273,0.40348231940045265,0.5479237768896138,0.4912994934607298,0.4512644080830588,0,0.2768358570073538,3,0.3009549070463747,0.646358737241314,0.5881960149205988,0.25169369362136246,1,0.35622213493065047,0.33293461244193484,1,0.47869217186221263,0.9336879076944395,0,0.45441647505409843,0,0.4717099659588922,0.46103372467103343,0.38393144786284733,0.40490240449928416,0.5453926731221393,0.6536732873189709
0.5123102914005884,0,1,0.25599256996575565,0.5373430628780125,0.6966681057427461,0.7384414096965045,0.9477105608264011,0,0.006766834265382878,3,0.8010041428304716,0.2886897927085112,0.7207386903894444,0.2655543742935726,1,0.2929101251183012,0.5664735036237781,0,0.46634080714935267,0.9284419372475952,1,0.4706172107424186,3,0.4280129137416681,0.7755175054866438,0.2820375892698381,0.28321601610286135,0.654017128655429,0.43678915134503404
0.24395920472880833,1,0,0.37242482988297093,0.6261841796258039,0.36100116654115944,0.4262670260428688,0.5262746171173006,0,0.42501181299712176,0,0.3045017559585891,0.33959329562124546,0.7506740602196998,0.21900644388575546,1,0.692750988592841,0.6305433150445366,1,0.733752404300038,0.3303124887462219,3,0.5633367648259522,1,0.5941325133184399,0.2462456434669837,0.5141129877310547,0.6831861220584023,0.2847923661011854,0.5152839624349458
0.9102351696992609,0,0,0.5221482776934353,0.642167465561378,0.3958267426048325,0.6786799810978699,0.4073434108632346,0,0.09611749549955677,3,0.3594542043299131,0.6532094015238391,0.5786882208898035,0.08249191515507627,0,0.49375106004593355,0.5056370695366081,1,0.41221190237166605,0.8371086705526429,3,0.5619130341545504,0,0.586864763083375,0.44622980528058304,0.3068688200449727,0.33670905952557917,0.4239994711282863,0.4105163717521666
0.439229371706961,1,3,0.9394922539720031,0.10421931596685091,1.0,0.309136187600941,0.7107950742458822,1,0.5203088403759606,3,0.1720554741692785,0.5408774786354549,0.7692910226219711,0.10749714036002668,0,0.8747824315414421,0.8067504214456301,1,0.5555414781585362,0.6918536653757782,3,0.5127063240113384,1,0.2095848387838651,0.8927245350199464,0.5030720500967769,0.41031097914236503,0.6489488750106239,0.48380132540640547
0.4190446814256589,0,0,0.27057174663229855,0.5293957766615921,0.30999866098454093,0.6075449790754794,0.2727555735174738,0,0.3688416872001701,1,0.4629604636249018,0.1430852752151012,0.32604141210079896,0.5867218949937965,0,0.6154718289542302,0.27058436337947195,2,0.40189885759437394,0.3168138174252674,0,0.422818205964571,2,0.36597255669863155,0.5877169049315291,0.41214780865751205,0.4990351546506418,0.4559577389131911,0.28636981332513967
0.7623793486938434,0,0,0.6016669405118318,0.5589951430334429,0.2179112596932843,0.6050046068176647,0.6496036000462454,0,0.5244946043563037,2,0.20509607425925974,0.4753844219002588,0.7772698657617407,0.2934224229543786,1,0.6906622935673412,0.6195072362697622,1,0.4871119661406247,0.5865997487299939,3,0.5916220072653515,1,0.0,0.6569654697572316,0.17330352032173368,0.5560481692261806,0.5850313825779843,0.07442569234157614
0.681576612076961,1,0,0.45969579071778965,0.6751366981300165,0.45449167513504407,0.6417571304105641,0.6435242191926341,0,0.34448788786627293,3,0.3923302665664134,0.6050496731114048,0.6117236743274407,0.10142502978004724,1,0.5974589465136217,0.9727416778352937,0,0.8488545019099409,0.7073715896388894,2,0.42440951519723275,3,0.5851889993923074,0.6126255056052647,0.3622601285774653,0.6493167580972347,0.5335363922129455,0.562325357989245
0.9963172772986578,1,2,0.2825181045218427,0.7850682788624282,0.31172886475344885,0.5164346392221354,0.6607602898205955,0,0.5233317287637924,3,0.1601646106227427,0.4020317348301495,0.7676093969867039,0.46499802883143593,1,0.4148362256492866,0.6398921274235229,1,0.3081314598409877,0.8592535727624352,1,0.4044851817386367,3,0.6102668257758382,0.6043170586572093,0.29840451231434234,0.5426522448972096,0.40582574238129643,0.22338565890377685
0.6646290841838445,1,0,0.29904315399184994,0.4991716591371809,0.353603420944413,0.6300944838868274,0.8473433577595105,0,0.2746557677656097,3,0.5879837976216776,0.6267291593130099,0.6167473110060896,0.05940233896751239,0,0.5208071498004315,0.47032820836100203,1,0.06771465235242023,1.0,3,0.589916129105795,1,0.7085771605372256,0.66546228954432,0.40779695548779604,0.4096162141797824,0.6156942442630893,0.3673124673111572
0.6353391393710668,0,3,0.5298373803674332,0.8019470298451795,0.2509368997775472,0.6356714850066865,0.6338986208974952,0,0.532926047576227,0,0.22294295186931426,0.6149947318979262,0.863477908061712,0.07123317715892553,0,0.7537577173168658,0.5621308115484083,1,0.6545510949363196,0.707909248512641,3,0.45721903048548496,2,0.2313993109140454,0.0,0.6487544400813884,0.6793324731784952,0.033604524628764176,0.660139789503519
0.7102337342113622,1,0,0.4463488165940137,0.7944573936163265,0.6103378920067004,0.6423831563488119,0.6124404759030041,1,0.271220753335384,2,0.5105791992715609,0.580481033312212,0.9474650256222984,0.5018686014212893,0,0.5881015395874556,0.7184311918064488,0,0.23941438532005338,0.5972242382255786,1,0.5784747374468574,2,0.46901293721423104,0.30167649443136,0.3027281440669474,0.4599927562183815,0.5914413901118755,0.6066153398819949
0.568584898981376,0,0,0.32900908238931104,0.7045056850993733,0.15055734862548262,0.6779393603676889,0.4639205645729232,1,0.2072799963684306,1,0.5021829522115375,0.6794365225786668,0.4720728436215685,0.20204263934657002,0,0.743577254274118,0.6518997314473947,2,0.438826656179473,0.39793528676104756,3,0.8715751830302737,1,0.32373549825843234,0.45328395312603853,0.7812963175921614,0.5841216000274374,0.547489971029248,0.5582455282373698
0.6772940230865945,1,3,0.7025501610338648,0.587711894609674,0.6788455554253547,0.4924132065150926,0.7816181304534006,1,0.3980000550125622,3,0.2964024151527627,0.322346333444141,0.4597891684627123,0.20145155020742458,0,0.8969770983638672,0.49707418519767377,0,0.7134924398988752,0.5736835984373362,1,0.41297477832654855,0,0.3814126647860222,0.35830225516140773,0.20273759958244153,0.3652338931651478,0.32472338325773725,0.29345601682455985
0.7018933832456259,1,0,0.7041252666317488,0.6580640892508567,0.2957554379314618,0.7532799395143323,0.7345909611193544,0,0.45803011767182034,1,0.4767609632723387,0.5011622125722885,0.42419992423969716,0.21133354463242837,1,0.8866632377129434,1.0,0,1.0,0.4261607309034894,3,0.599536977906322,0,0.514194489553443,0.5349495694594025,0.31903866042037743,0.6177626804565567,0.3311479840203402,0.6013393248947652
0.7541349504049163,1,0,0.6061248488576965,0.5702705948726388,0.3641051043251481,0.8581567201024501,0.28134179005852794,0,0.6131760721463776,3,0.3979431102965396,0.6089386050130721,0.5865165732115217,0.04262854234302899,1,0.3982933908184552,0.4970068768853794,2,0.6107856850098452,0.6177402533304309,3,0.5924498465559271,0,0.61235648648873,0.5612298721709932,0.21427814194424247,0.17881502023310392,0.4803599601929619,0.4268158622773688
0.522573659632379,1,1,0.5615295282295538,0.7611149156035085,0.4655434582044624,0.38298556554185836,0.5111173737440108,1,0.6325214604442806,3,0.3864607633369102,0.3430974428273856,0.5188409571338558,0.43848116974567813,0,0.39988477498471275,0.2037847678149214,2,0.701374862914092,0.9763580432967435,0,0.3622460205743829,3,0.39222197918703494,0.8279164424531379,0.3495667086353866,0.5379062602370555,0.8623013805616643,0.5673517218397125
0.7153477039821581,1,0,0.3846667133710916,0.6110187390544459,0.3462914558171437,0.3044367454757434,0.6613120292574234,0,0.4357263885692943,3,0.1968512016841548,0.37200200201122907,0.48903320919672916,0.2963909500626387,0,0.29449480179649634,0.437802916575741,1,0.29752085927587796,0.7700109648215584,1,0.2193711117715573,0,0.43876553198531937,0.5604475993782615,0.13912906222606705,0.5461282081218787,0.4877755512545488,0.6042045179239187
0.5745009293512597,1,1,0.4285594997301569,0.604406177202817,0.6121602534029029,0.39994629707013485,0.25004099615021635,0,0.6882825851870572,3,0.28996795026181754,0.1638098553693062,0.5719887678856176,0.2134410685721932,1,0.7113608977252011,0.5999401121126078,1,0.7703556918941576,0.8174304489956035,2,0.8821911332701505,2,0.23390579873735637,0.7678898155147524,0.9988684910075079,0.7718732274836586,0.4558196376449362,0.5470383190167131
0.7032349152726806,0,0,0.4122697079913331,0.6218391442934321,0.33318937759776696,0.48446633773471215,0.6772797001272665,1,0.2927437944339462,0,0.2618479842750979,0.3296973657423345,0.4582473250673399,0.2792512441224956,0,0.39422320213869916,0.5577411386564579,0,0.5700856996086507,0.6182404214790961,2,0.35644995798087,0,0.9857084049961993,0.41196075989681613,0.0,0.05136298024776149,0.34084436339194335,0.39448984198021586
0.5020526692660222,0,2,0.7072215532834272,0.5457384026070035,0.34326907334286866,0.29945384892186866,0.49565065196854946,0,0.15426564950027685,0,0.3617181610142021,0.6820421974538087,0.6574095971715136,0.18720031096310852,0,0.6884844082397689,0.5782621219821764,1,0.7631832901138423,0.3626809467382123,0,0.3510099228731145,0,0.2801365112391115,0.47524687604898647,0.39998114700209403,0.48243896449213164,0.42147833188259254,0.3103542585576123
0.8368124591745988,0,2,0.485781511128931,0.9456422650842023,0.3376437416104191,0.5236977088305977,0.8265981834547698,0,0.3690856982323498,2,0.321356418254795,0.0,0.0,0.940549544645558,0,0.44719535789314935,0.09590428998084304,0,0.450824884445496,0.3006473607435707,1,0.5709373748639218,3,0.7157292622850844,0.843930811632157,0.5816353763199399,1.0,0.8120441813228984,0.4409288001861201
0.33315813404543415,1,2,0.7884265623850417,0.2879108556631324,0.4826799557919761,0.45039568465363566,0.3898452558821873,0,0.3272842417387456,3,0.4426054397687673,0.4669207456243841,0.5477269885251558,0.19483134751618958,1,0.7120814807456995,0.3989303007541239,0,0.42036647438247254,0.7792970114183039,2,0.7866847209197103,0,0.7428318418603886,0.5243570492772214,0.6927100738539942,0.43292374486031177,0.3069678095914404,0.18242408498354393
0.6717099432768346,0,1,0.6798242375042806,0.7975160660717334,0.2969024809956392,0.465889193906544,0.6872127608946185,1,0.5160830000517894,2,0.19729182288026917,0.05449670204755138,0.03259572092221392,0.846180467953485,1,0.6984409820819163,0.5631902960016962,2,0.5088197102931816,0.5371766465989543,1,0.26133456874146277,1,0.39063541576656263,0.2904859649106203,0.22790860924069817,0.6868592548905207,0.399551563200342,0.15958722782081014
0.48318704850609745,0,1,0.32217651546303305,0.6517043316974784,0.18847244416650072,0.5173858312724425,0.6089023770000687,0,0.25358712328923205,1,0.29106360270779197,0.6217926811026467,0.6000434127282691,0.005368773512836752,1,0.5264163031750534,0.6968536260893703,0,0.5016177914380585,0.5761850389392932,1,0.4185108327927431,1,0.9506926848045495,0.26763268888342495,0.5294380749191854,0.3035058648026134,0.25957069516654013,0.7369261058401879
0.4946508432977737,1,2,0.6270778634436881,0.3607864848407208,0.0,0.4668534035435245,0.6916334776498356,1,0.6278336808321832,3,0.0004915832011472873,0.07298868508177936,0.20974969117153733,0.5481226841918837,0,0.6217818077195774,0.37670429312991016,1,0.6100147300111826,0.6677493087821347,2,0.30651177953963615,2,0.4212167521647859,0.2619153939720948,0.2916877622484911,0.6678851499193427,0.0,0.6046250021188997
0.35194359151861654,0,0,0.29595868108662804,0.4848575481275407,0.5563157178532651,0.34344413376813987,0.5857425695527275,1,0.2916200095845675,2,0.5086793771516371,0.8895696398675488,0.27810450862234287,0.44911919904212827,1,0.5578044824667151,0.24242013663017212,2,0.9994978112011327,0.41752459922008955,1,0.6258958869891391,3,0.514224028729562,0.33931876476566614,0.5064960965720328,0.6430886793494497,0.31801648447041686,0.12012339554234848
0.5681668420098767,1,1,0.438581271107643,0.5071501524119275,0.15943578511209805,0.25604867504088163,0.5305750619526601,1,0.5176083757121724,2,0.31504570135720805,0.21897430630233708,0.43203059350267153,0.18435911196567376,1,0.5894365833649566,0.6494385447897716,0,0.5030273546021966,0.7058822098718328,2,0.46929175911459464,2,0.206462243617215,0.5296284258689653,0.31180512043589426,0.357379608886467,0.27758483342410845,0.2403260752735278
0.63529011717905,0,0,0.2797604316137624,0.4949784743198239,0.4168918802861942,0.6031672154863709,0.523919710231369,0,0.39834016276127077,3,0.2841740856094311,0.7300488265022355,0.8668002388400219,0.25977832471733575,0,0.6091429263117086,0.46215318509371367,0,0.6121856177608643,0.6862318915326293,1,0.41885269634857336,2,0.5052893836071393,0.4014794386057609,0.25063037369486746,0.44008691298339925,0.262502385736576,0.5953815194396166
0.8008170597370898,1,0,0.7011488491015371,0.7009296543421945,0.49938998739784085,0.2310748010568552,1.0,1,0.4723428238583971,1,0.5104916128324717,0.40679213831481836,0.5566434694995618,0.26474382542464503,0,0.15584307895059044,0.412894667782134,1,0.12493727971080155,0.6905015701642578,1,0.3675533397448948,2,0.36446450321243834,0.2651865009232371,0.40118802859883873,0.26887565599293856,0.247746117675592,0.4055916368821781
0.572982678296787,0,0,0.5047184037328144,0.6570538568788408,0.12130921890273798,0.23921903102258776,0.27161417232419954,0,0.45682027253600854,2,0.4950260292177538,0.30378214820125926,0.7609551654654028,0.11956481777084635,0,0.8113960820183087,0.028869346683185363,1,0.32933932446278247,0.42031240302642553,3,0.4145171031972541,2,0.6858056573121442,0.6421809744227892,0.164170246196041,0.5688786601735883,0.4437222476578122,0.2642522549665304
0.792266786673194,0,1,0.4066181210184786,0.674909881571629,0.12314155363520266,0.0,0.5167311946628884,0,0.47019071152526803,1,0.37639831022574355,0.7469083444088008,0.2749342819179193,0.5608119237010954,1,0.0,0.3674712279514047,0,0.08193452994292814,0.5854635188609376,3,0.45775572127593495,2,0.7810965106875998,0.2911709858029618,0.3077911609442303,0.3882258453107805,0.33327590360108894,0.2922034628672988
0.45340904049708625,0,2,0.5938242018921301,0.7826478735860991,0.5732563570442485,0.8010975065223279,0.8385851879958383,1,0.37758510076110147,1,0.4899875941305661,0.1724768557841126,0.5414582684733859,0.2500012259329157,0,0.38058520722414246,0.6211385428560882,1,0.6145598759874445,0.4832769340651132,0,0.3828359156255728,2,0.6974705793362438,0.6911595968565553,0.23996926867315693,0.46969695326827104,0.6773169961131006,0.5336279121777251
0.42421006727623806,1,1,0.6854401133770731,0.6886188236191643,0.5668086768263239,0.8418688579508831,0.3519377791626764,1,0.542401528891824,0,0.5313934291756861,0.691121573335905,0.5294997801009211,0.3151095933777018,0,0.6212606407521734,0.4832559604969069,2,0.31316426499340067,0.25682097969995915,2,0.5373278591759875,0,0.5535841197293571,0.479301973551024,0.3349276282948647,0.26404642333791367,0.33730490102946686,0.5333760309787583
0.33664012601434284,0,0,0.48451356078779817,0.4586790649665609,0.17486800324977206,0.16476510207790157,0.7852914318778044,0,0.3593121624157843,3,0.47826149233929466,0.5048171295762437,0.5470428571356228,0.2886939889164588,1,0.43474592690623376,0.13019161868902357,1,0.14427925507144856,0.43840681168906853,2,0.58135817232657,0,0.3509434940198171,0.6592789593894683,0.22176176586421648,0.49147007963686595,0.6508451369359045,0.25012928469720563
0.5446274887627996,0,0,1.0,0.0,0.8142692708625571,0.35412509922047986,0.5670570712161512,0,0.9128970054770094,1,0.19389335508907068,0.3766983122559701,0.6039157411356704,0.18843213065346712,0,0.7051039014013056,0.3133907575315693,1,0.0,0.6068071040185751,2,0.5718647041867787,0,0.6113641080883273,0.3102288436960549,0.28321686508426813,0.26612915669037596,0.34376284098997145,0.339429006404027
0.36406085992862963,0,3,0.8507406727120691,0.4844000546674661,0.4992550769928299,0.5345947395716591,0.9633800035756142,0,0.2670614166466071,0,0.4566625631981585,0.38971308960866174,0.5206764215832216,0.26079725445974666,1,0.542444008877849,0.6241691854395759,2,0.6629665727675825,0.6609671066308922,2,0.4156959154093354,1,0.5279760881749843,0.8801096146300725,0.2724679783436876,0.3792596330226149,0.6339781090341124,0.7184207318647876
0.26682011031747555,0,3,0.6222132037716739,0.7266743227972781,0.28003591698647945,0.2877054651867162,0.6552808820667102,0,0.6728602061425781,2,0.44652113838135393,0.46829047452377237,0.35923341382625534,0.1665890131298957,0,0.6185494830371191,0.11848719747114443,0,0.2841695943043893,0.703344483820238,3,0.5408304214632254,0,0.5704090005110892,0.587282578882534,0.16126315078778206,0.598895550578857,0.6206394571236744,0.26229694519309577
0.4744820014030802,1,0,0.3795929515030551,0.7935664871280926,0.11973422154339564,0.2010886560774035,0.8933325424022771,0,0.36099589298567564,1,0.4523433663559584,0.5283380949719363,0.5629485912134262,0.23663383057883983,1,0.2738121398012027,0.7439097595130751,1,0.5462992926781558,0.6194259837396953,0,0.4660181172678015,3,0.309438638933713,0.6550473526949105,0.2813498481847343,0.46959461633322,0.5354792330892993,0.4799616062201749
0.6829746312519523,1,3,0.11762606298302218,0.455574916546159,0.5294877045626235,0.27195504791572683,0.4944030766927479,0,0.46630563559748744,3,0.17805718200881038,0.39322613053261624,0.5347078337415574,0.37406731483730377,1,0.796695592873906,0.27664014909917567,2,0.855305698507089,0.9027065526522576,1,0.3652682588186227,1,0.3990689336846571,0.645336518237899,0.1443791403149015,0.6005359139386677,0.4959506009542707,0.7864556577713132
0.5952120876332391,0,2,0.6949834422890588,1.0,0.45434262159164257,0.6707288267800235,0.5697308372115633,0,0.6565377326502543,3,0.3385857517082889,0.335435831236075,0.49393162913310773,0.264450251987643,0,0.5446232099808503,0.37308400622812127,0,0.4592306760112686,0.7509395784558693,0,0.5879398219211595,1,0.6303149322455616,0.6293697792231913,0.19552412678299308,0.5550845202831558,0.5942195737531172,0.5350202846334309
0.22040592018585772,1,2,0.6151081835331363,0.7686452160450883,0.5640274298691016,0.7606559637364745,0.7928617145635868,0,0.4495816637130891,1,0.36641053099882415,1.0,0.21878298095679324,0.6103707082156072,0,0.4834657720027574,0.4906041369351439,0,0.8224708466265896,0.5131759707578966,1,0.39404890816003624,0,0.9325826605292997,0.607079898260965,0.2528979333060615,0.6287502841691475,0.5408954590605849,0.2592747607185401
0.6752107700495921,1,0,0.4246954451449781,0.7573123966944904,0.4162584005872159,0.4957409865472021,0.31857671501860946,1,0.4205876856706725,2,0.2862073157652559,0.3076603906292719,0.6847446665065694,0.04378381839851462,0,0.47384773701304583,0.6982159296307019,0,0.42811621196183625,0.7094436181004756,3,0.7314074635551822,2,0.43693314064147304,1.0,0.8202474352734793,0.7142722181941836,0.8892347144507139,0.4595100799471429
0.40967519704806554,0,1,0.26051996528848986,0.5496835547093948,0.34732255191785755,0.7151218852823011,0.8277812812534118,1,0.5134536423051059,2,0.21332260971337313,0.8240229859853305,0.3844788185164089,0.2574453860250377,1,0.7297680235357515,0.3295211662623064,1,0.7441241416037525,0.5297387745293127,1,0.6358932381858469,0,0.3137900193387923,0.5662844508413376,0.23539783420659352,0.508897900539531,0.5531921274393125,0.6013403293605051
0.8024572765992299,0,3,0.6504023361748107,0.6277504761102297,0.4975218553427426,0.1042247274308133,0.8768523524256016,0,0.3425407493103459,1,0.4738660443543818,0.4544736001399336,0.5174970496751675,0.12603126019695643,0,0.662092807910542,0.45456027991374437,2,0.2051254916745831,0.495393670112425,3,0.5335303187647762,0,0.4909651072229032,0.36375594927368055,0.38786158547705885,0.7841227132629276,0.4114764731999968,0.3646919593876388
0.5041319844591989,1,0,0.23680468656603307,0.6750324502857811,0.805058402423796,0.6159511324749068,0.7492467590138967,1,0.4745537190113508,2,0.19644637960368627,0.6199816734530559,0.4716665588318304,0.1990679827651276,1,0.3928662563979065,0.6523601728630203,1,0.3047547769404956,0.661439726130522,3,0.42071914150751727,0,0.7789708314639956,0.3248383698400898,0.2362634214003622,0.3513587223341478,0.37360289299874255,0.31043040577964404
0.3644328107274862,1,2,0.5439357412847837,0.7875012188929493,0.33294678964090374,0.10772446959661565,0.2608979007224183,0,0.16024188101105202,1,0.273718626619423,0.4061723938883978,0.7609468829262357,0.4064279316041431,1,0.5610085952715967,0.6312740252096501,1,0.2615447190137147,0.5130257805220108,1,0.3571547562724682,2,0.6196010239039988,0.6794322708533937,0.29411776285918056,0.3394650875339686,0.6107397280477186,0.16012704050870843
0.592295846856706,0,0,0.7511009760403748,0.44101788391566593,0.33547576312671956,0.5909867033091839,0.37047686876871105,1,0.36919951724407574,0,0.2025771912125728,0.519987681209134,0.5790650969130458,0.4014138472684492,0,0.4322871729252946,0.5192770125842192,2,0.3105211785327962,0.6185191413583594,2,0.28317236376400207,2,0.6008874070586095,0.44086369940851755,0.23370533431071994,0.47186666270457656,0.7572977407852779,0.5024835276006369
0.6601302946633621,0,0,0.5418260426735002,0.500845562247079,0.3074839953738002,0.3787560375420323,0.6138138767377866,0,0.35158069084941945,1,0.13250665835197017,0.3370795814289969,0.5624126940446948,0.34353337758804775,1,0.23430110875535673,0.582894721667019,2,0.7686246141126397,0.7265532638400254,3,0.25236326871000336,0,0.6790591801545576,0.30361692648136424,0.2867120910892932,0.8265840094059731,0.4684973052679427,0.41034567341384
0.39795967265222837,1,3,0.23716360641498022,0.5779956813217574,0.22644757782027022,0.2305709076960093,0.7935356684890142,0,0.23976912936891107,1,0.24282265757317792,0.9096031780017786,0.05367529773090512,1.0,1,0.6934711267057292,0.8317658203223228,0,0.8849780783636185,0.40211748695072297,1,0.5076202810992306,3,0.6323168344800982,0.32577906647052973,0.18697961510353536,0.46615856120202465,0.2555288557197109,0.39462372276688984
0.6318878394810592,1,0,0.7140476619754335,0.6881720878885503,0.4958113439402075,0.5321140039263446,0.0,0,0.21389584453111005,3,1.0,0.6943426723107069,0.6206344624219443,0.26444963237801195,1,0.9957246783842751,0.2983042549667258,0,0.40051199304448964,0.41078649349533586,0,0.5026507124157408,0,0.3522610059088478,0.2796979041508969,0.3995807631526718,0.0,0.28916292206570343,1.0
0.3725352411174543,1,0,0.24543141875287258,0.6154448083513211,0.22993213246587343,0.6141167354672298,0.5364640725169296,0,0.1149498581847986,1,0.45575955059525886,0.36123383671110915,0.6664581189020264,0.4716029569222396,1,0.28414362631890483,0.0,1,0.38892659844771504,0.6952771869227127,0,0.2513402149860836,0,0.49257900404709615,0.4029849522849265,0.3261679761174162,0.2764121817290496,0.6385864561793695,0.1381763243006107
0.5456984116572812,0,0,0.5504245451345338,0.7918421716577709,0.20610035618316938,0.22462681511301888,0.5202566993735446,0,0.4314947628167855,3,0.36139195729174106,0.5685334236005278,0.7093623889313696,0.26600998484464666,0,0.35017826788666423,0.6466502961069819,0,0.5122343601661163,0.9228379928683311,0,0.17157282443087934,0,0.12467793520643651,0.2992760930150863,0.26118960936512287,0.22217532163038997,0.3896377007512752,0.32296188508409457
0.18365927707051924,1,2,0.26078562678701916,0.5834439473853333,0.5183404541530148,0.5590710425017523,0.331610206465475,1,0.6962857662905354,3,0.15157896100147908,0.17975625267566656,0.30135517039798937,0.2747794100783967,0,0.13437365343798352,0.3491246563033693,1,0.47105694494841366,0.8839054074164998,0,0.45683605554021584,3,0.6140882962401797,0.5873672243172218,0.07370624623607754,0.32968152766665165,0.7214110328139428,0.3705887798168073
0.589313103798953,1,3,0.475314311787003,0.654548823291242,0.5864161231206355,0.4285496853762992,0.44562460131090537,1,0.5705940982562572,0,0.21182545621564008,0.4075442156519845,0.7170172122174842,0.1866913762106809,1,0.4075654035814611,0.5950868970480033,2,0.6154010470606459,0.34762858167984434,1,0.3712964329628716,2,0.8254313731732963,0.6230896822304883,0.3745687444037009,0.35420005158892703,0.59779872640089,0.6203499540339593
0.3106064625455541,1,2,0.7460354703549524,0.4235372317182978,0.45355951918873105,1.0,0.3522331178534918,1,0.2408152349105491,0,0.33484730214908803,0.3682436508261572,0.4493170401237575,0.07244128444803466,0,0.2937202596195983,0.42607240469200075,1,0.04353758707234074,0.6591372437075922,1,0.5892926211153108,0,0.7197589437388378,0.816347294272526,0.34311447787252086,0.23582141914817753,0.5024494284084203,0.43756448257375796
0.6095802307478373,0,0,0.525973372310488,0.8013856803588237,0.5205372034269465,0.27668443181585,0.7845435722914517,1,0.3881965361459267,2,0.1757214821065005,0.4583513894754404,0.8167851683561083,0.26944770464435525,1,0.8204549768899748,0.36376885322924973,2,0.8159138422022582,0.0,1,0.6603170741927857,3,0.38314220298934476,0.7667767407899753,0.6362932006121476,0.22854347909857156,0.6784435149094903,0.5736141450887958
0.2882807305621748,0,3,0.6769830006103087,0.642759559472499,0.2365667092733375,0.30717724307227323,0.5760158688233462,1,0.4644920934892296,1,0.3549901916064582,0.6365511947820711,0.39516349668631695,0.3809444586366426,1,0.6420801450411813,0.48678147514074827,2,0.7879379048623673,0.6050824359737607,1,0.25745100330048665,0,0.7025388309170951,0.35065322755256345,0.31043852060321575,0.6176374534201517,0.2791900515877584,0.7213455457766311
0.8300819404004138,1,3,0.7333539239462425,0.3136272656287939,0.5508054937872249,0.48111461522603666,0.5878328784251786,1,0.35970955749735584,0,0.22821509894594313,0.18356698330116614,0.5230325489736513,0.21456400297115644,0,0.4485840556815256,0.4669539707729703,2,0.28936150955202805,0.30978173254528263,2,0.5378588445066427,3,0.612873514968012,0.8727998674125773,0.3020836463857736,0.27426998062787794,0.8664479735912894,0.6691226289872625
0.8210269760197396,1,0,0.584220878183564,0.42864614223441594,0.3641813749427347,0.5461043167966643,0.5433192532830025,1,0.7382227723529087,3,0.0,0.45039179011099284,0.7352378775680968,0.12245176461899487,1,0.2815649222352993,0.5351103809046355,2,0.4802975464788433,0.9234190333472564,2,0.6642483323358961,2,0.71934492727194,0.4626845295998805,0.36354033850663114,0.3988741605066402,0.29309209464316355,0.3075269042821973
0.7810337403326049,0,0,0.28954804650219357,0.3626641700649924,0.33618817319232497,0.3610788604485644,0.5196876730737248,0,0.6750187123852853,0,0.12943662273523704,0.23726995499375195,0.45652665443926455,0.26673569936618013,0,0.8752524408182161,0.4501338356915303,2,0.8214367119536375,0.5090782314146218,1,0.20065934675385694,0,0.8046740805135154,0.5125980227816872,0.28836745282517134,0.7288255904465908,0.578554692145219,0.4492954289617926
0.5963114794773585,1,0,0.30450885997284566,0.6583370031160165,0.08631622475290995,0.43013031077362357,0.4808387331160828,1,0.4437051588287741,0,0.3329057276459761,0.7910954570060656,0.5391180112678076,0.10115792624633728,0,0.8229926000713924,0.2879507852153328,1,0.7979205796526352,0.5377575719791576,3,0.3692033863311543,3,0.20494571587618557,0.6048222816565424,0.3204383563828936,0.45057283904358225,0.5419548740136647,0.3368850024330828
0.4414079064889048,0,3,0.68783577805235,0.6046491841364444,0.4400712017436836,0.5169132818149053,0.2660186999422597,1,0.5736561471732172,3,0.22434140106249198,0.6042863607742298,0.4367675845687382,0.26848400605233386,0,0.643018805271387,0.6382902520904,1,0.9731496978773907,0.6257482781341727,3,0.3471877191666514,0,0.6210257562758541,0.7221158357395904,0.2506997957275841,0.5022096390987693,0.7016813807452652,0.4989424278182423
0.7689918158719865,0,1,0.30493926040605573,0.5600295789310769,0.5420226127065155,0.27098698899492046,0.5010690748857793,0,0.10797871844134141,0,0.3935541617269416,0.6135009076405374,0.3396211013333673,0.5500943585593704,1,0.21119919655711208,0.37557519411316376,1,0.28960168133493147,0.6538297433167891,2,0.7016133835033019,0,0.2377055997765465,0.8879825922784077,0.4999365064727545,0.9623853204115062,0.8217598176183614,0.4581295927216784
0.7200329884211397,0,2,0.3749659817516798,0.32426172585288565,0.5271799046715445,0.5227669540806956,0.3717197808610295,1,0.5872479165948906,2,0.12208137993321891,0.14681535508216204,0.4392781028819373,0.3653459528380108,0,0.7334675632085313,0.4090154267400053,0,0.9669073508430227,0.38150917731276845,1,0.4322649159744373,0,0.7212042555807504,0.4354112538768622,0.4672644593788112,0.5188989805439957,0.10433724400958883,0.35304516941985953
0.5623317173812966,0,0,0.771836213151119,0.1707606138973692,0.4247309384197294,0.11364657748719217,0.2811716227864389,0,0.4930208679865278,2,0.25714920983237355,0.5247394885797069,0.48190656899979367,0.15365668463424018,1,0.3648292081426829,0.45008410802295545,1,0.40360851892417504,0.8770315204860092,1,0.42702178801758056,0,0.6757911005357122,0.6900824363007123,0.42349346904817287,0.16740222229745585,0.378525684681275,0.20697856909312762
0.6833300720457104,0,1,0.39388269990266184,0.44237097376763995,0.31354417030967063,0.02789038156780482,0.5396680371312325,1,0.5553806209610713,3,0.41248756768195316,0.008275655653880545,0.11570133133262993,0.7139526114536558,0,0.43690350310981957,0.5205278684349383,2,0.5007514071695375,0.49881540432115895,1,0.5018072091881722,0,0.6225813373479369,0.8135954284365358,0.3445123283013094,0.6467147889678538,0.43420188145266686,0.6402095368649023
0.8844052727880937,0,3,0.7576573606616989,0.5455972873207137,0.3178002580875805,0.24960876290471518,0.7898471070739193,0,0.3268893875133418,2,0.4615368803979004,0.5965477617154373,0.7077487953680178,0.19962806712761633,1,0.7859857989448457,0.32593874800641653,0,0.7991744302677253,0.658764097979627,0,0.40281635473924454,1,0.7335881716023779,0.6619103391033434,0.3511472218349931,0.42231833335569746,0.6209623489189329,0.5680433400491267
0.5422737356527381,0,0,0.3524659990623395,0.6719445940267481,0.5212137656152896,0.682486946037751,0.9202570638949307,1,0.5971189944839447,3,0.2071060801903578,0.2734592265969711,0.41755262466411763,0.39150791727391326,0,0.3633052840989691,0.7769721140395986,0,0.5694842638538465,0.6436714807177932,0,0.0,0,0.7981770948137246,0.4652556433156791,0.2819929915902628,0.4890546963322459,0.5343137246337977,0.45340491103034036
0.30216705466379573,1,1,0.5612012631468716,0.7189890953561207,0.395073529130322,0.35574817522519486,0.59684369190669,1,0.42183170905766926,1,0.2933378415622514,0.39725189246794584,0.5989140827800488,0.11112986138155753,1,0.5607861157693592,0.6503404535183094,0,0.2914130197917658,0.3943119087073408,3,0.7382387717263653,0,0.8826963830445194,0.5220082007736527,0.5590324500204288,0.5400048370039768,0.3755770546840605,0.5063013437048414
0.4501180264151647,1,0,0.6429766633243191,0.591659109044221,0.4630960396781328,0.3264308246687926,0.5332160556998453,0,0.5947815249139009,1,0.12069544815214045,0.325901951839858,0.6160796113251744,0.0,0,0.47334727244159885,0.582617479722003,1,0.23905668186041876,0.5983777635337655,1,0.4736278752158438,3,0.40045215824037106,0.5368038115460205,0.1348015918110936,0.23193788621995942,0.5524321988148801,0.3032765235951049
0.5651587082815379,0,0,0.0859193262017863,0.26031802482635785,0.7752763868740127,0.3090785085585291,0.7320409166316546,1,1.0,3,0.1736451711608778,0.7751026478019638,0.23562910133019802,0.5029827153903643,0,0.5940860458005628,0.44380148700148625,2,0.5703834389699047,0.3504794715572308,1,0.38847258871390977,3,0.6408473009430498,0.8128733772759462,0.4610161564590553,0.4000012422675272,1.0,0.31552786045400244
0.8600561323486628,1,0,0.415882282084021,0.7442104649579211,0.21424898213114207,0.5771839104273538,0.7061092353560203,1,0.46178514741577964,1,0.24973858374077643,0.47791991675797457,0.7142211850728738,0.4384332269774036,1,0.24044513286633684,0.5882669207240929,2,0.4424597967077059,0.438492416755743,3,0.5465475697796579,0,0.57404497865306,0.6966670167380994,0.3635022659210404,0.6842081748843861,0.38240162559268775,0.15606759514526206
0.3892233780653289,1,2,0.6244336407172495,0.5891093988639301,0.2812952215455078,0.18695800469504634,0.4541316349248123,0,0.18713428810749633,2,0.19338004900535,0.45611555993502106,0.7599230364256632,0.2867282226812856,0,0.2776181595612064,0.47548273450867545,0,0.406398051171779,0.7514146381174168,3,0.6851620136708574,2,0.37767975327970593,0.5931625295445916,0.4298955036176106,0.7098140201756707,0.4954016228053665,0.6517872040970737
0.7695970747038985,0,2,0.7070575245302155,0.5683612675043496,0.4922316588700764,0.6918466282260215,0.2911631066693601,0,0.3390864736083176,0,0.5297626737574379,0.5633506647974149,0.6273540657227162,0.20895242892116944,0,0.3790718738285221,0.5120981911259687,0,0.3057229302380857,0.5536642159811554,1,0.5524411084951112,2,0.8394420086739272,0.23089053937222373,0.49203027512196856,0.5367677768505444,0.17267859907439445,0.556034425108712
0.567061177833461,0,2,0.0,0.11071440310319895,0.7764319400913446,0.5630334279833235,0.8778738501381539,0,0.23576443258581206,2,0.5991853535574401,0.2434662671581858,0.4100301130810874,0.4016317975176732,0,0.48331413771830545,0.21460366781057943,1,0.34125010706675,0.7515711664954063,0,0.21541387279099872,3,0.4833719280219204,0.4094909901120647,0.11463181092855983,0.35773739506686836,0.32083314051576417,0.4334919373783015
0.4202738553413852,0,1,0.23250196161844833,0.21157069268508188,0.5829959138242855,0.33066256644160286,0.7455944225321371,1,0.6585851683334351,0,0.407445943385946,0.34166861251092245,0.6477411193475106,0.05200810971546434,0,0.9040533660480996,0.11322940249670115,0,0.6345829674310133,0.4510100598851783,3,0.5206207899698635,0,0.7004589035660564,0.658997150323723,0.5420049263317633,0.5254400814717725,0.4092918557870955,0.38144471132895535
0.3950169978642531,0,0,0.7346939876061488,0.6594328171691891,0.6854902794464404,0.36622737721907794,0.39614926932971223,1,0.7359833032361514,0,0.37929686507432525,0.5567066019438469,0.6857851428742904,0.06456631365785892,1,0.9082087626990775,0.23330185468144685,2,0.5461542278972509,0.16973868415651933,3,0.276901828449336,2,0.5811982378068978,0.904028373419085,0.6230699369693549,0.4682474512294942,0.6682468654776891,0.436680430186065
0.8174169584235328,1,0,0.2563391461080304,0.3374410643293403,0.608571042452471,0.5753948789273964,0.3203024738363355,1,0.5972034129937962,3,0.4393462386982585,0.9147975534126762,0.17216403479862874,0.7378870866876996,1,0.8032540855909425,0.374193402250411,0,0.646358979410328,0.5031494297405112,3,0.4256126893578178,3,0.46750532985368964,0.5977257045033084,0.13351891554553832,0.7078454314963172,0.3741278287249153,0.599091678671752
